internal_id,wp_post_id,product_type,parent_sku,sku,model_name_fr,model_name_en,collection,eds_subcategory,size_cm,price_eur,stock_qty,attr_taille_values,attr_taille_default,short_desc_fr,short_desc_en,long_desc_fr,long_desc_en,main_image_path,gallery_paths,status,supplier_internal_name,bcdg_notes,export_to_wc
1,,simple,,KH-EDS-001-100,Stars & Stripes Koinobori — by BCDG,Stars & Stripes Koinobori — by BCDG,eds,americana,100,49,25,,,"Koinobori décoratif de 100 cm, signé BCDG, inspiré du drapeau américain avec 50 étoiles et 13 bandes. Série test de 25 pièces.","A 100 cm decorative koinobori signed by BCDG, inspired by the American flag with 50 stars and 13 stripes. Test series of 25 pieces.","Stars & Stripes Koinobori — by BCDG est une édition spéciale de 100 cm qui transpose l'imaginaire graphique du drapeau américain dans la forme traditionnelle du koinobori. Le modèle associe 50 étoiles et 13 bandes dans une composition décorative pensée pour l'extérieur, les événements, les fêtes nationales, les espaces privés ou les installations visuelles.

Design original BCDG, signé et édité en série test de 25 pièces.

Produit par un atelier partenaire selon les fichiers et spécifications BCDG.","Stars & Stripes Koinobori — by BCDG is a 100 cm special edition that brings the graphic language of the American flag into the traditional koinobori form. The design combines 50 stars and 13 stripes in a decorative composition created for outdoor display, events, national celebrations, private spaces or visual installations.

Original BCDG design, signed and released as a test series of 25 pieces.

Produced by a partner workshop according to BCDG files and specifications.","images/eds/001-stars-stripes/main.jpg",,draft,US FLAG,"série test 25 pièces, modèle Stars & Stripes, 50 étoiles et 13 bandes, signé BCDG",yes
2,,simple,,KH-KAI-001-075,Kaïro des Vents Rouges — La Promesse de la Mer,Kairo of the Red Winds — The Promise of the Sea,kairo,,75,35,50,,,"Épisode 1/15 de Kaïro des Vents Rouges — Le Navire Sans Nom. Koinobori décoratif de 75 cm, fond bleu nuit, atmosphère d'espoir.","Episode 1/15 of Kairo of the Red Winds — Le Navire Sans Nom. Decorative koinobori, 75 cm, deep blue background, atmosphere of hope.","Kaïro des Vents Rouges — La Promesse de la Mer ouvre la première aventure de Kaïro, personnage original BCDG. Épisode 1/15 du cycle Le Navire Sans Nom. Koinobori décoratif de 75 cm, fond bleu nuit, atmosphère d'espoir. Pensé pour un jardin, une terrasse, un intérieur lumineux ou un événement.

Design original BCDG, signé et édité en petite série dans le cadre de la première aventure de Kaïro (15 épisodes).

Produit par un atelier partenaire selon les fichiers et spécifications BCDG.","Kairo of the Red Winds — The Promise of the Sea opens Kairo's first adventure, an original BCDG character. Episode 1/15 of the Le Navire Sans Nom cycle. Decorative koinobori, 75 cm, deep blue background, atmosphere of hope. Designed for a garden, a terrace, a bright interior or an event.

Original BCDG design, signed and released in a small series as part of Kairo's first adventure (15 episodes).

Produced by a partner workshop according to BCDG files and specifications.","images/kairo/001-la-promesse-de-la-mer/main.jpg",,draft,,"épisode 1/15, test marché MVP, fond bleu nuit #12356B, émotion espoir",yes
3,,simple,,KH-KAI-002-075,Kaïro des Vents Rouges — L'Ombre sur les Flots,Kairo of the Red Winds — The Shadow on the Waves,kairo,,75,35,50,,,"Épisode 2/15 de Kaïro des Vents Rouges — Le Navire Sans Nom. Koinobori décoratif de 75 cm, fond gris brume, atmosphère d'inquiétude.","Episode 2/15 of Kairo of the Red Winds — Le Navire Sans Nom. Decorative koinobori, 75 cm, misty grey background, atmosphere of unease.","Kaïro des Vents Rouges — L'Ombre sur les Flots est l'épisode 2/15 du cycle Le Navire Sans Nom, première aventure de Kaïro, personnage original BCDG. Koinobori décoratif de 75 cm, fond gris brume, atmosphère d'inquiétude. Pensé pour un jardin, une terrasse, un intérieur lumineux ou un événement.

Design original BCDG, signé et édité en petite série dans le cadre de la première aventure de Kaïro (15 épisodes).

Produit par un atelier partenaire selon les fichiers et spécifications BCDG.","Kairo of the Red Winds — The Shadow on the Waves is episode 2/15 of the Le Navire Sans Nom cycle, Kairo's first adventure, an original BCDG character. Decorative koinobori, 75 cm, misty grey background, atmosphere of unease. Designed for a garden, a terrace, a bright interior or an event.

Original BCDG design, signed and released in a small series as part of Kairo's first adventure (15 episodes).

Produced by a partner workshop according to BCDG files and specifications.","images/kairo/002-l-ombre-sur-les-flots/main.jpg",,draft,,"épisode 2/15, test marché MVP, fond gris brume #5E6E82, émotion inquiétude",yes
4,,simple,,KH-KAI-003-075,Kaïro des Vents Rouges — Le Seuil Interdit,Kairo of the Red Winds — The Forbidden Threshold,kairo,,75,35,50,,,"Épisode 3/15 de Kaïro des Vents Rouges — Le Navire Sans Nom. Koinobori décoratif de 75 cm, fond noir encre, atmosphère de tension.","Episode 3/15 of Kairo of the Red Winds — Le Navire Sans Nom. Decorative koinobori, 75 cm, ink black background, atmosphere of tension.","Kaïro des Vents Rouges — Le Seuil Interdit est l'épisode 3/15 du cycle Le Navire Sans Nom, première aventure de Kaïro, personnage original BCDG. Koinobori décoratif de 75 cm, fond noir encre, atmosphère de tension. Pensé pour un jardin, une terrasse, un intérieur lumineux ou un événement.

Design original BCDG, signé et édité en petite série dans le cadre de la première aventure de Kaïro (15 épisodes).

Produit par un atelier partenaire selon les fichiers et spécifications BCDG.","Kairo of the Red Winds — The Forbidden Threshold is episode 3/15 of the Le Navire Sans Nom cycle, Kairo's first adventure, an original BCDG character. Decorative koinobori, 75 cm, ink black background, atmosphere of tension. Designed for a garden, a terrace, a bright interior or an event.

Original BCDG design, signed and released in a small series as part of Kairo's first adventure (15 episodes).

Produced by a partner workshop according to BCDG files and specifications.","images/kairo/003-le-seuil-interdit/main.jpg",,draft,,"épisode 3/15, test marché MVP, fond noir encre #1A1A1A, émotion tension, test impression requis",no
5,,simple,,KH-KAI-004-075,Kaïro des Vents Rouges — Les Voix du Pont,Kairo of the Red Winds — The Voices of the Deck,kairo,,75,35,50,,,"Épisode 4/15 de Kaïro des Vents Rouges — Le Navire Sans Nom. Koinobori décoratif de 75 cm, fond bordeaux, atmosphère d'effroi maîtrisé.","Episode 4/15 of Kairo of the Red Winds — Le Navire Sans Nom. Decorative koinobori, 75 cm, burgundy background, atmosphere of controlled dread.","Kaïro des Vents Rouges — Les Voix du Pont est l'épisode 4/15 du cycle Le Navire Sans Nom, première aventure de Kaïro, personnage original BCDG. Koinobori décoratif de 75 cm, fond bordeaux, atmosphère d'effroi maîtrisé. Pensé pour un jardin, une terrasse, un intérieur lumineux ou un événement.

Design original BCDG, signé et édité en petite série dans le cadre de la première aventure de Kaïro (15 épisodes).

Produit par un atelier partenaire selon les fichiers et spécifications BCDG.","Kairo of the Red Winds — The Voices of the Deck is episode 4/15 of the Le Navire Sans Nom cycle, Kairo's first adventure, an original BCDG character. Decorative koinobori, 75 cm, burgundy background, atmosphere of controlled dread. Designed for a garden, a terrace, a bright interior or an event.

Original BCDG design, signed and released in a small series as part of Kairo's first adventure (15 episodes).

Produced by a partner workshop according to BCDG files and specifications.","images/kairo/004-les-voix-du-pont/main.jpg",,draft,,"épisode 4/15, test marché MVP, fond bordeaux #6B1A1A, émotion effroi maîtrisé",yes
6,,variable,,KH-HAN-001,Sakura Rouge Koinobori — by BCDG,Red Sakura Koinobori — by BCDG,hanami,,,,,75 cm,75 cm,"Koinobori décoratif de 75 cm, signé BCDG, motif cerisier du Japon en fleurs rouges et roses sur fond ivoire. Pièce d'inspiration hanami, ouverture de la collection Hanami.","A 75 cm decorative koinobori signed by BCDG, featuring a Japanese cherry blossom motif with red and pink flowers on an ivory background. A hanami-inspired piece opening the Hanami collection.","Sakura Rouge Koinobori — by BCDG est un koinobori décoratif de 75 cm qui transpose la fête printanière du hanami dans la forme traditionnelle du koinobori. Branches d'encre noire, fleurs rouges intenses ponctuées de pétales roses : un motif d'inspiration estampe japonaise sur fond ivoire. Pensé pour un jardin, une terrasse, un intérieur lumineux, une vitrine ou un événement saisonnier.

Design original BCDG, signé et édité en petite série dans le cadre de l'ouverture de la collection Hanami.

Produit par un atelier partenaire selon les fichiers et spécifications BCDG.","Red Sakura Koinobori — by BCDG is a 75 cm decorative koinobori that brings the spring hanami celebration into the traditional koinobori form. Ink-black branches, vivid red blossoms and scattered pink petals: a Japanese print-inspired motif on an ivory background. Designed for a garden, a terrace, a bright interior, a window display or a seasonal event.

Original BCDG design, signed and released in a small series as the opening piece of the Hanami collection.

Produced by a partner workshop according to BCDG files and specifications.","images/hanami/001-sakura-rouge/main.jpg",,draft,,"première collection Hanami, motif cerisier du Japon (sakura) en fleurs rouges et roses sur fond ivoire, ouverture collection, commande initiale 50 ex 75 cm, mockup attendu courant juin 2026",yes
7,,variation,KH-HAN-001,KH-HAN-001-075,Sakura Rouge Koinobori — by BCDG,Red Sakura Koinobori — by BCDG,hanami,,75,29,50,,,"Koinobori décoratif de 75 cm, signé BCDG, motif cerisier du Japon en fleurs rouges et roses sur fond ivoire. Pièce d'inspiration hanami, ouverture de la collection Hanami.","A 75 cm decorative koinobori signed by BCDG, featuring a Japanese cherry blossom motif with red and pink flowers on an ivory background. A hanami-inspired piece opening the Hanami collection.","Sakura Rouge Koinobori — by BCDG est un koinobori décoratif de 75 cm qui transpose la fête printanière du hanami dans la forme traditionnelle du koinobori. Branches d'encre noire, fleurs rouges intenses ponctuées de pétales roses : un motif d'inspiration estampe japonaise sur fond ivoire. Pensé pour un jardin, une terrasse, un intérieur lumineux, une vitrine ou un événement saisonnier.

Design original BCDG, signé et édité en petite série dans le cadre de l'ouverture de la collection Hanami.

Produit par un atelier partenaire selon les fichiers et spécifications BCDG.","Red Sakura Koinobori — by BCDG is a 75 cm decorative koinobori that brings the spring hanami celebration into the traditional koinobori form. Ink-black branches, vivid red blossoms and scattered pink petals: a Japanese print-inspired motif on an ivory background. Designed for a garden, a terrace, a bright interior, a window display or a seasonal event.

Original BCDG design, signed and released in a small series as the opening piece of the Hanami collection.

Produced by a partner workshop according to BCDG files and specifications.","images/hanami/001-sakura-rouge/main.jpg",,draft,,"première collection Hanami, motif cerisier du Japon (sakura) en fleurs rouges et roses sur fond ivoire, ouverture collection, commande initiale 50 ex 75 cm, mockup attendu courant juin 2026",yes
